3;Кукла
1;Конструктор
3;Кукла
3;Кукла
3;Кукла
3;Кукла
3;Кукла
1;Конструктор
3;Кукла
3;Кукла
1;Конструктор
3;Кукла
3;Кукла
3;Кукла
3;Кукла
2;Машинка
3;Кукла
3;Кукла
3;Кукла
3;Кукла
2;Машинка
3;Кукла
3;Кукла
3;Кукла
3;Кукла
3;Кукла
3;Кукла
3;Кукла
3;Кукла
2;Машинка
2;Машинка
3;Кукла
3;Кукла
3;Кукла
3;Кукла
3;Кукла
3;Кукла
2;Машинка
3;Кукла
3;Кукла
3;Кукла
2;Машинка
3;Кукла
3;Кукла
2;Машинка
3;Кукла
3;Кукла
2;Машинка
3;Кукла
2;Машинка
3;Кукла
2;Машинка
3;Кукла
3;Кукла
3;Кукла
3;Кукла
2;Машинка
3;Кукла
3;Кукла
3;Кукла
3;Кукла
3;Кукла
3;Кукла
3;Кукла
1;Конструктор
2;Машинка
3;Кукла
3;Кукла
3;Кукла
3;Кукла
3;Кукла
3;Кукла
1;Конструктор
3;Кукла
3;Кукла
3;Кукла
3;Кукла
3;Кукла
3;Кукла
2;Машинка
1;Конструктор
3;Кукла
3;Кукла
3;Кукла
3;Кукла
3;Кукла
3;Кукла
3;Кукла
2;Машинка
3;Кукла
3;Кукла
3;Кукла
1;Конструктор
1;Конструктор
1;Конструктор
2;Машинка
3;Кукла
3;Кукла
3;Кукла
3;Кукла
